study_id,title,year,doi,assigned_to,source_file,source_modality_display,stage_assignments_display,stage_assignment_origin,ai_method_display,algorithm_display_raw,notes_issue_tags,notes_coding
108,Identification of neural connectivity signatures of autism using machine learning,2013,https://doi.org/10.3389/FNHUM.2013.00670/FULL,Ambos (piloto),aceptados_300_v2_codificado_RA.xlsx,Image,Diagnosis,stage_flags,Machine Learning,SVM,Multiple models compared | Primary model chosen from comparisons,Se comparan varios modelos; se eligió el principal/mejor reportado
109,Identifying autism from neural representations of social interactions: Neurocognitive markers of autism,2014,https://doi.org/10.1371/journal.pone.0113879,Ambos (piloto),aceptados_300_v2_codificado_RA.xlsx,Physiological signals,Diagnosis,stage_flags,Machine Learning,Other / unclear,Algorithm not explicit or unspecified | Needs full-text confirmation | Outside codebook or forced mapping,Algoritmo principal no explícito o fuera del codebook; Confirmar algoritmo principal en full-text
34,Distributed Intrinsic Functional Connectivity Patterns Predict Diagnostic Status in Large Autism Cohort,2017,https://doi.org/10.1089/brain.2017.0496,Ambos (piloto),aceptados_300_v2_codificado_RA.xlsx,Physiological signals,Diagnosis,stage_flags,Machine Learning,Random Forest,,Usa conditional random forest sobre rs-fMRI para clasificación diagnóstica.
254,Low-Rank Representation for Multi-center Autism Spectrum Disorder Identification.,2018,https://doi.org/10.1007/978-3-030-00928-1_73,Ambos (piloto),aceptados_300_v2_codificado_RA.xlsx,Image,Diagnosis,stage_flags,Machine Learning,k-NN,Algorithm not explicit or unspecified | Needs full-text confirmation | Outside codebook or forced mapping | Multiple models compared | Primary model chosen from comparisons,Algoritmo principal no explícito o fuera del codebook; Confirmar algoritmo principal en full-text; Se comparan varios modelos; se eligió el principal/mejor reportado
267,Risk assessment for parents who suspect their child has autism spectrum disorder: Machine learning approach,2018,https://doi.org/10.2196/jmir.9496,Ambos (piloto),aceptados_300_v2_codificado_RA.xlsx,Text / NLP,Prescreening | Screening,stage_flags,Machine Learning,Other / unclear,Algorithm not explicit or unspecified | Needs full-text confirmation | Outside codebook or forced mapping,Algoritmo principal no explícito o fuera del codebook; Confirmar algoritmo principal en full-text
272,Subtyping cognitive profiles in Autism Spectrum Disorder using a Functional Random Forest algorithm,2018,https://doi.org/10.1016/j.neuroimage.2017.12.044,Ambos (piloto),aceptados_300_v2_codificado_RA.xlsx,Multimodal,Diagnosis,stage_flags,Machine Learning,Other / unclear,,Random forest funcional para matriz de proximidad y posterior detección de comunidades/cognitivos subtipos.
80,Artificial intelligence analysis of newborn leucocyte epigenomic markers for the prediction of autism,2019,https://doi.org/10.1016/j.brainres.2019.146457,Ambos (piloto),aceptados_300_v2_codificado_RA.xlsx,Physiological signals,Prescreening,stage_flags,Deep Learning,MLP,Algorithm not explicit or unspecified | Needs full-text confirmation | Outside codebook or forced mapping,Algoritmo principal no explícito o fuera del codebook; Confirmar algoritmo principal en full-text
117,A Machine Learning Strategy for Autism Screening in Toddlers,2019,https://doi.org/10.1097/DBP.0000000000000668,Ambos (piloto),aceptados_300_v2_codificado_RA.xlsx,Not specified,Screening,stage_flags,Deep Learning,MLP,,Feedforward neural network aplicado a M-CHAT-R para cribado en toddlers.
206,Overlaps in brain dynamic functional connectivity between schizophrenia and autism spectrum disorder,2019,https://doi.org/10.1016/j.sciaf.2018.e00019,Ambos (piloto),aceptados_300_v2_codificado_RA.xlsx,Multimodal,Diagnosis,stage_flags,Deep Learning,Other / unclear,Algorithm not explicit or unspecified | Needs full-text confirmation | Outside codebook or forced mapping,Algoritmo principal no explícito o fuera del codebook; Confirmar algoritmo principal en full-text
79,Applying Machine Learning to Kinematic and Eye Movement Features of a Movement Imitation Task to Predict Autism Diagnosis,2020,https://doi.org/10.1038/s41598-020-65384-4,Ambos (piloto),aceptados_300_v2_codificado_RA.xlsx,Multimodal,Diagnosis,stage_flags,Machine Learning,Other / unclear,,Clasifica ASD vs no-ASD con cinemática y eye-tracking en tarea de imitación.
24,A Novel Grading System for Autism Severity Level Using Task-Based Functional MRI: A Response to Speech Study,2021,https://doi.org/10.1109/ACCESS.2021.3097606,Ambos (piloto),aceptados_300_v2_codificado_RA.xlsx,Audio / Voice,Diagnosis,stage_flags,Machine Learning,Other / unclear,,Gradación de severidad por clases con task-fMRI; clasificadores múltiples no detallados.
112,Structural variants identified using non-Mendelian inheritance patterns advance the mechanistic understanding of autism spectrum disorder,2023,https://doi.org/10.1016/j.xhgg.2022.100150,Ambos (piloto),aceptados_300_v2_codificado_RA.xlsx,Text / NLP,Diagnosis,stage_flags,Not specified,Clustering (k-means / GMM / ...),,Estudio genómico/estructural sin sistema IA clínico claramente codificable en el abstract.
151,Early identification of autism spectrum disorder by multi-instrument fusion: A clinically applicable machine learning approach,2023,https://doi.org/10.1016/j.psychres.2023.115050,Ambos (piloto),aceptados_300_v2_codificado_RA.xlsx,Text / NLP,Diagnosis,stage_flags,Hybrid,XGBoost / GBDT,,Fusión multi-instrumento para identificación temprana; enfoque clínicamente aplicable de cribado.
95,Physician Versus Large Language Model Chatbot Responses to Web-Based Questions From Autistic Patients in Chinese: Cross-Sectional Comparative Analysis,2024,https://doi.org/10.2196/54706,Ambos (piloto),aceptados_300_v2_codificado_RA.xlsx,Text / NLP,Monitoring/intervention,stage_primary_fallback,Deep Learning,Transformer,Outside codebook or forced mapping | Multiple models compared,Compara respuestas de médicos vs LLMs a preguntas web; no mapea claramente a una etapa clínica RQ1.
155,Evaluation of AI tools for healthcare networks at the cloud-edge interaction to diagnose autism in educational environments,2024,https://doi.org/10.1186/s13677-023-00558-9,Ambos (piloto),aceptados_300_v2_codificado_RA.xlsx,Not specified,Screening,stage_flags,Not specified,CNN,Needs full-text confirmation,Discute varias técnicas pero aplica AlexNet sobre rostros en entorno educativo; confirmar diseño final.
172,Using #ActuallyAutistic on Twitter for Precision Diagnosis of Autism Spectrum Disorder: Machine Learning Study,2024,https://doi.org/10.2196/52660,Ambos (piloto),aceptados_300_v2_codificado_RA.xlsx,Text / NLP,Screening,stage_flags,Machine Learning,Logistic Regression,,Clasificación de tweets #ActuallyAutistic; relevancia clínica/etapa RQ1 ambigua.
239,Diagnosing autism severity associated with physical fitness and gray matter volume in children with autism spectrum disorder: Explainable machine learning method,2024,https://doi.org/10.1016/j.ctcp.2023.101825,Ambos (piloto),aceptados_300_v2_codificado_RA.xlsx,Image,Diagnosis,stage_flags,Machine Learning,XGBoost / GBDT,,Modelos XGB/RF/SVM/DT para severidad; se selecciona XGBoost como principal y se marca GMV + pruebas físicas.
252,Intelligent Eye-Tracking for the Early Diagnosis of Autism: A Mental Health Disaster with Families,2024,https://doi.org/10.1007/978-981-97-2049-1_13,Ambos (piloto),aceptados_300_v2_codificado_RA.xlsx,Image,Screening,stage_flags,Not specified,Other / unclear,,Revisión/analítica cualitativa sobre eye-tracking para diagnóstico temprano; no estudio primario claro.
5,Metabolomics as a tool for discovery of biomarkers of autism spectrum disorder in the blood plasma of children,2014,https://doi.org/10.1371/journal.pone.0112445,Revisor A,aceptados_300_v2_codificado_RA.xlsx,Not specified,Diagnosis,stage_flags,Machine Learning,Other / unclear,Needs full-text confirmation,Metabolómica plasmática para discriminar ASD vs controles; confirmar algoritmo principal en full-text.
18,Multiparametric MRI characterization and prediction in autism spectrum disorder using graph theory and machine learning,2014,https://doi.org/10.1371/journal.pone.0090405,Revisor A,aceptados_300_v2_codificado_RA.xlsx,Multimodal,Diagnosis | Prognosis | Monitoring/intervention,stage_flags,Deep Learning,Other / unclear,,Clasificación ASD vs control con MRI multiparamétrica; también predice rasgos fenotípicos.
276,A situation-aware system for the detection of motion disorders of patients with Autism Spectrum Disorders,2014,https://doi.org/10.1016/j.eswa.2014.05.011,Revisor A,aceptados_300_v2_codificado_RA.xlsx,Physiological signals,Monitoring/intervention,stage_flags,Deep Learning,Other / unclear,Algorithm not explicit or unspecified | Needs full-text confirmation | Outside codebook or forced mapping,Algoritmo principal no explícito o fuera del codebook; Confirmar algoritmo principal en full-text
2,Searching for a minimal set of behaviors for autism detection through feature selection-based machine learning,2015,https://doi.org/10.1038/tp.2015.7,Revisor A,aceptados_300_v2_codificado_RA.xlsx,Not specified,Screening,stage_flags,Machine Learning,Other / unclear,Algorithm not explicit or unspecified,Usa ADOS/ítems conductuales para detección/cribado; algoritmo principal no explícito.
213,Resting state functional magnetic resonance imaging and neural network classified autism and control,2015,https://doi.org/10.1016/j.cortex.2014.08.011,Revisor A,aceptados_300_v2_codificado_RA.xlsx,Physiological signals,Diagnosis,stage_flags,Deep Learning,Other / unclear,Algorithm not explicit or unspecified | Needs full-text confirmation | Outside codebook or forced mapping,Algoritmo principal no explícito o fuera del codebook; Confirmar algoritmo principal en full-text
249,Gray Matter Alterations in Young Children with Autism Spectrum Disorders: Comparing Morphometry at the Voxel and Regional Level,2015,https://doi.org/10.1111/jon.12280,Revisor A,aceptados_300_v2_codificado_RA.xlsx,Image,Prognosis,stage_flags,Machine Learning,SVM,Algorithm not explicit or unspecified | Needs full-text confirmation | Outside codebook or forced mapping,Algoritmo principal no explícito o fuera del codebook; Confirmar algoritmo principal en full-text
292,Performance of case-control rare copy number variation annotation in classification of autism,2015,https://doi.org/10.1186/1755-8794-8-S1-S7,Revisor A,aceptados_300_v2_codificado_RA.xlsx,Not specified,Diagnosis,stage_flags,Hybrid,Random Forest,Primary model chosen from comparisons,Clasificación basada en rare CNV; conditional inference forest rinde mejor.
62,Impact of DRD2 polymorphisms on prolactin level in risperidone-treated Thai children and adolescent with autism spectrum disorders,2016,https://doi.org/10.1016/j.eurpsy.2016.01.060,Revisor A,aceptados_300_v2_codificado_RA.xlsx,Not specified,Monitoring/intervention,stage_flags,Machine Learning,Other / unclear,,Estudio farmacogenético de prolactina en tratamiento con risperidona; uso de IA/ML no claramente descrito.
116,Use of machine learning for behavioral distinction of autism and ADHD,2016,https://doi.org/10.1038/tp.2015.221,Revisor A,aceptados_300_v2_codificado_RA.xlsx,Not specified,Screening,stage_flags,Deep Learning,Other / unclear,,"Usa puntajes SRS para distinguir ASD vs ADHD; aunque es herramienta de cribado, el objetivo es distinción diagnóstica diferencial."
171,Toward the Autism Motor Signature: Gesture patterns during smart tablet gameplay identify children with autism,2016,https://doi.org/10.1038/srep31107,Revisor A,aceptados_300_v2_codificado_RA.xlsx,Physiological signals,Screening,stage_flags,Machine Learning,Other / unclear,Algorithm not explicit or unspecified | Needs full-text confirmation | Outside codebook or forced mapping,Algoritmo principal no explícito o fuera del codebook; Confirmar algoritmo principal en full-text
14,Functional neuroimaging of high-risk 6-month-old infants predicts a diagnosis of autism at 24 months of age,2017,https://doi.org/10.1126/scitranslmed.aag2882,Revisor A,aceptados_300_v2_codificado_RA.xlsx,Text / NLP,Prognosis,stage_flags,Deep Learning,Other / unclear,Algorithm not explicit or unspecified | Needs full-text confirmation | Outside codebook or forced mapping,Algoritmo principal no explícito o fuera del codebook; Confirmar algoritmo principal en full-text
60,Hyperuricemia and Metabolic Adverse Effect in Children and Adolescents with Autism Spectrum Disorder Treated with Risperidone,2017,https://doi.org/10.1016/j.eurpsy.2017.02.198,Revisor A,aceptados_300_v2_codificado_RA.xlsx,Not specified,Monitoring/intervention,stage_flags,Deep Learning,Other / unclear,,Estudio principalmente clínico/estadístico sobre efectos metabólicos de risperidona; relevancia de IA ambigua.
67,Novelty detection using deep normative modeling for imu-based abnormal movement monitoring in parkinson’s disease and autism spectrum disorders,2018,https://doi.org/10.3390/s18103533,Revisor A,aceptados_300_v2_codificado_RA.xlsx,Physiological signals,Monitoring/intervention,stage_flags,Hybrid,Autoencoder,Needs full-text confirmation,Monitorización de movimiento anómalo con IMU mediante novelty/deep normative modeling; confirmar modelo principal.
35,Enhancing diagnosis of autism with optimized machine learning models and personal characteristic data,2019,https://doi.org/10.3389/FNCOM.2019.00009/FULL,Revisor A,aceptados_300_v2_codificado_RA.xlsx,Image,Diagnosis,stage_flags,Hybrid,MLP,Primary model chosen from comparisons,Usa solo personal characteristic data de ABIDE; red neuronal fue el mejor modelo.
44,Using Artificial Intelligence to Identify Factors Associated with Autism Spectrum Disorder in Adolescents with Cerebral Palsy,2019,https://doi.org/10.1055/s-0039-1685525,Revisor A,aceptados_300_v2_codificado_RA.xlsx,Not specified,Diagnosis,stage_flags,Machine Learning,Logistic Regression,,Modelo predictivo con variables clínicas para identificar adolescentes con CP en riesgo de ASD.
225,Applying Eye Tracking to Identify Autism Spectrum Disorder in Children,2019,https://doi.org/10.1007/s10803-018-3690-y,Revisor A,aceptados_300_v2_codificado_RA.xlsx,Image,Screening,stage_flags,Deep Learning,Other / unclear,Algorithm not explicit or unspecified | Needs full-text confirmation | Outside codebook or forced mapping,Algoritmo principal no explícito o fuera del codebook; Confirmar algoritmo principal en full-text
289,Increased serum levels of macrophage migration inhibitory factor in autism spectrum disorders,2019,https://doi.org/10.1016/j.neuro.2018.11.015,Revisor A,aceptados_300_v2_codificado_RA.xlsx,Not specified,Diagnosis,stage_flags,Machine Learning,Logistic Regression,,Etapa clínica no clara
23,A new machine learning model based on induction of rules for autism detection,2020,https://doi.org/10.1177/1460458218824711,Revisor A,aceptados_300_v2_codificado_RA.xlsx,Not specified,Screening,stage_flags,Machine Learning,Decision Tree,Outside codebook or forced mapping,"Boosting, Bagging, rule induction methods (rules-machine learning framework), Modelo basado en inducción de reglas sobre datasets de cribado; algoritmo fuera del codebook."
48,A randomized controlled trial of 25 sessions comparing music therapy and music listening for children with autism spectrum disorder,2020,https://doi.org/10.1016/j.psychres.2020.113377,Revisor A,aceptados_300_v2_codificado_RA.xlsx,Not specified,Screening,stage_flags,Machine Learning,Other / unclear,,Posible desajuste título-abstract; el abstract describe detección por eye-tracking temporal.
65,Modified Grasshopper Optimization Algorithm for detection of Autism Spectrum Disorder,2020,https://doi.org/10.1016/j.phycom.2020.101115,Revisor A,aceptados_300_v2_codificado_RA.xlsx,Not specified,Screening,stage_flags,Machine Learning,Random Forest,Algorithm not explicit or unspecified | Needs full-text confirmation | Outside codebook or forced mapping,Algoritmo principal no explícito o fuera del codebook; Confirmar algoritmo principal en full-text
102,Toward continuous social phenotyping: Analyzing gaze patterns in an emotion recognition task for children with autism through wearable smart glasses,2020,https://doi.org/10.2196/13810,Revisor A,aceptados_300_v2_codificado_RA.xlsx,Image,Screening,stage_flags,Deep Learning,Other / unclear,Algorithm not explicit or unspecified | Needs full-text confirmation | Outside codebook or forced mapping | Multiple models compared | Primary model chosen from comparisons,Algoritmo principal no explícito o fuera del codebook; Confirmar algoritmo principal en full-text; Se comparan varios modelos; se eligió el principal/mejor reportado
163,Multichannel Deep Attention Neural Networks for the Classification of Autism Spectrum Disorder Using Neuroimaging and Personal Characteristic Data,2020,https://doi.org/10.1155/2020/1357853,Revisor A,aceptados_300_v2_codificado_RA.xlsx,Image,Diagnosis,stage_flags,Deep Learning,Other / unclear,Algorithm not explicit or unspecified | Needs full-text confirmation | Outside codebook or forced mapping,Algoritmo principal no explícito o fuera del codebook; Confirmar algoritmo principal en full-text
170,The development of a practical artificial intelligence tool for diagnosing and evaluating autism spectrum disorder: Multicenter study,2020,https://doi.org/10.2196/15767,Revisor A,aceptados_300_v2_codificado_RA.xlsx,Image,Diagnosis,stage_flags,Hybrid,Naive Bayes,Algorithm not explicit or unspecified | Needs full-text confirmation | Outside codebook or forced mapping | Multiple models compared | Primary model chosen from comparisons,Algoritmo principal no explícito o fuera del codebook; Confirmar algoritmo principal en full-text; Se comparan varios modelos; se eligió el principal/mejor reportado
188,Deep-learning-based detection of infants with autism spectrum disorder using auto-encoder feature representation,2020,https://doi.org/10.3390/s20236762,Revisor A,aceptados_300_v2_codificado_RA.xlsx,Audio / Voice,Screening,stage_flags,Deep Learning,Autoencoder,Needs full-text confirmation,Autoencoder para detección en infantes; confirmar fuente de datos exacta (no totalmente explícita en el abstract).
270,Smart bed based daytime behavior prediction in Children with autism spectrum disorder - A Pilot Study,2020,https://doi.org/10.1016/j.medengphy.2020.07.004,Revisor A,aceptados_300_v2_codificado_RA.xlsx,Physiological signals,Prognosis | Monitoring/intervention,stage_flags,Hybrid,MLP,Multiple models compared,Predice conducta diurna a partir de señales BCG de smart bed; SVM y ANN comparados.
287,Forecasting risk gene discovery in autism with machine learning and genome-scale data,2020,https://doi.org/10.1038/s41598-020-61288-5,Revisor A,aceptados_300_v2_codificado_RA.xlsx,Not specified,Prescreening,stage_flags,Deep Learning,Other / unclear,Algorithm not explicit or unspecified | Needs full-text confirmation | Outside codebook or forced mapping,Algoritmo principal no explícito o fuera del codebook; Confirmar algoritmo principal en full-text
134,A deep learning predictive classifier for autism screening and diagnosis,2021,https://doi.org/10.1016/B978-0-12-822822-7.00011-9,Revisor A,aceptados_300_v2_codificado_RA.xlsx,Not specified,Screening,stage_flags,Deep Learning,MLP,Algorithm not explicit or unspecified | Needs full-text confirmation | Outside codebook or forced mapping | Multiple models compared | Primary model chosen from comparisons,Algoritmo principal no explícito o fuera del codebook; Confirmar algoritmo principal en full-text; Se comparan varios modelos; se eligió el principal/mejor reportado
137,Applying machine learning on home videos for remote autism diagnosis: Further study and analysis,2021,https://doi.org/10.1177/1460458221991882,Revisor A,aceptados_300_v2_codificado_RA.xlsx,Image,Prescreening | Screening,stage_flags,Machine Learning,SVM,Algorithm not explicit or unspecified | Needs full-text confirmation | Outside codebook or forced mapping,Algoritmo principal no explícito o fuera del codebook; Confirmar algoritmo principal en full-text
149,Diagnostic classification for human autism and obsessive-compulsive disorder based on machine learning from a primate genetic model,2021,https://doi.org/10.1176/appi.ajp.2020.19101091,Revisor A,aceptados_300_v2_codificado_RA.xlsx,Multimodal,Diagnosis,stage_flags,Hybrid,Other / unclear,Needs full-text confirmation,Clasificación diagnóstica basada en modelo genético de primates; confirmar fuente biológica exacta.
150,Diagnostic shifts in autism spectrum disorder can be linked to the fuzzy nature of the diagnostic boundary: a data-driven approach,2021,https://doi.org/10.1111/JCPP.13406,Revisor A,aceptados_300_v2_codificado_RA.xlsx,Physiological signals,Diagnosis,stage_flags,Deep Learning,Other / unclear,Algorithm not explicit or unspecified | Needs full-text confirmation | Outside codebook or forced mapping | Multiple models compared | Primary model chosen from comparisons,Algoritmo principal no explícito o fuera del codebook; Confirmar algoritmo principal en full-text; Se comparan varios modelos; se eligió el principal/mejor reportado
156,Exploring sMRI Biomarkers for Diagnosis of Autism Spectrum Disorders Based on Multi Class Activation Mapping Models,2021,https://doi.org/10.1109/ACCESS.2021.3069211,Revisor A,aceptados_300_v2_codificado_RA.xlsx,Image,Diagnosis,stage_flags,Deep Learning,CNN,Algorithm not explicit or unspecified | Needs full-text confirmation | Outside codebook or forced mapping,Algoritmo principal no explícito o fuera del codebook; Confirmar algoritmo principal en full-text
184,Computerized Assessment of Motor Imitation as a Scalable Method for Distinguishing Children With Autism,2021,https://doi.org/10.1016/j.bpsc.2020.09.001,Revisor A,aceptados_300_v2_codificado_RA.xlsx,Image,Screening,stage_flags,Machine Learning,Other / unclear,Algorithm not explicit or unspecified | Needs full-text confirmation | Outside codebook or forced mapping | Multiple models compared | Primary model chosen from comparisons,Algoritmo principal no explícito o fuera del codebook; Confirmar algoritmo principal en full-text; Se comparan varios modelos; se eligió el principal/mejor reportado
222,An amygdala-centered hyper-connectivity signature of threatening face processing predicts anxiety in youths with autism spectrum conditions,2021,https://doi.org/10.1002/AUR.2595,Revisor A,aceptados_300_v2_codificado_RA.xlsx,Image,Prognosis | Monitoring/intervention,stage_flags,Machine Learning,SVM,,Usa fMRI de procesamiento de amenaza para predecir ansiedad en jóvenes con ASC.
273,Towards autism subtype detection through identification of discriminatory factors using machine learning,2021,https://doi.org/10.1007/978-3-030-86993-9_36,Revisor A,aceptados_300_v2_codificado_RA.xlsx,Not specified,Diagnosis,stage_flags,Machine Learning,Clustering (k-means / GMM / ...),,Genera subtipos con k-means a partir de Q-CHAT/AQ-10; clasificadores posteriores son secundarios.
72,Transdiagnostic symptom subtypes across autism spectrum disorders and attention deficit hyperactivity disorder: validated by measures of neurocognition and structural connectivity,2022,https://doi.org/10.1186/s12888-022-03734-4,Revisor A,aceptados_300_v2_codificado_RA.xlsx,Multimodal,Diagnosis,stage_flags,Deep Learning,Clustering (k-means / GMM / ...),,Subtipado transdiagnóstico validado con neurocognición y conectividad estructural.
85,Diagnosing autism spectrum disorder in children using conventional MRI and apparent diffusion coefficient based deep learning algorithms,2022,https://doi.org/10.1007/s00330-021-08239-4,Revisor A,aceptados_300_v2_codificado_RA.xlsx,Image,Diagnosis,stage_flags,Deep Learning,CNN,Algorithm not explicit or unspecified | Needs full-text confirmation | Outside codebook or forced mapping | Multiple models compared | Primary model chosen from comparisons,Algoritmo principal no explícito o fuera del codebook; Confirmar algoritmo principal en full-text; Se comparan varios modelos; se eligió el principal/mejor reportado
135,A Deep Neural Network-Based Model for Screening Autism Spectrum Disorder Using the Quantitative Checklist for Autism in Toddlers (QCHAT),2022,https://doi.org/10.1007/s10803-021-05141-2,Revisor A,aceptados_300_v2_codificado_RA.xlsx,Audio / Voice,Screening,stage_flags,Deep Learning,MLP,Algorithm not explicit or unspecified | Needs full-text confirmation | Outside codebook or forced mapping,Algoritmo principal no explícito o fuera del codebook; Confirmar algoritmo principal en full-text
146,Comparison of classification algorithms for predicting autistic spectrum disorder using WEKA modeler,2022,https://doi.org/10.1186/S12911-022-02050-X,Revisor A,aceptados_300_v2_codificado_RA.xlsx,Not specified,Screening,stage_flags,Hybrid,SVM,Multiple models compared | Primary model chosen from comparisons,Se comparan varios modelos; se eligió el principal/mejor reportado
158,Graph Convolutional Networks Based on\&#xa0;Relational Attention Mechanism for\&#xa0;Autism Spectrum Disorders Diagnosis,2022,https://doi.org/10.1007/978-3-031-13844-7_33,Revisor A,aceptados_300_v2_codificado_RA.xlsx,Not specified,Diagnosis,stage_flags,Deep Learning,Other / unclear,Algorithm not explicit or unspecified | Needs full-text confirmation | Outside codebook or forced mapping | Multiple models compared | Primary model chosen from comparisons,Algoritmo principal no explícito o fuera del codebook; Confirmar algoritmo principal en full-text; Se comparan varios modelos; se eligió el principal/mejor reportado
197,Hybrid Diagnosis Models for Autism Patients Based on Medical and Sociodemographic Features Using Machine Learning and Multicriteria Decision-Making (MCDM) Techniques: An Evaluation and Benchmarking Framework,2022,https://doi.org/10.1155/2022/9410222,Revisor A,aceptados_300_v2_codificado_RA.xlsx,Text / NLP,Diagnosis,stage_flags,Machine Learning,Decision Tree,Algorithm not explicit or unspecified | Needs full-text confirmation | Outside codebook or forced mapping | Multiple models compared | Primary model chosen from comparisons,Algoritmo principal no explícito o fuera del codebook; Confirmar algoritmo principal en full-text; Se comparan varios modelos; se eligió el principal/mejor reportado
218,Using a small dataset to classify strength-interactions with an elastic display: a case study for the screening of autism spectrum disorder,2022,https://doi.org/10.1007/s13042-022-01554-2,Revisor A,aceptados_300_v2_codificado_RA.xlsx,Image,Screening,stage_flags,Deep Learning,Other / unclear,Algorithm not explicit or unspecified | Needs full-text confirmation | Outside codebook or forced mapping,Algoritmo principal no explícito o fuera del codebook; Confirmar algoritmo principal en full-text
237,Cross-linguistic patterns of speech prosodic differences in autism: A machine learning study,2022,https://doi.org/10.1371/journal.pone.0269637,Revisor A,aceptados_300_v2_codificado_RA.xlsx,Audio / Voice,Screening,stage_flags,Machine Learning,Other / unclear,Algorithm not explicit or unspecified | Needs full-text confirmation | Outside codebook or forced mapping,Algoritmo principal no explícito o fuera del codebook; Confirmar algoritmo principal en full-text
240,Diagnosis of Autism Disorder Based on Deep Network Trained by Augmented EEG Signals,2022,https://doi.org/10.1142/S0129065722500460,Revisor A,aceptados_300_v2_codificado_RA.xlsx,Image,Diagnosis,stage_flags,Deep Learning,CNN,Multiple models compared | Primary model chosen from comparisons,Se comparan varios modelos; se eligió el principal/mejor reportado
281,Deep Mobile Linguistic Therapy for Patients with ASD,2022,https://doi.org/10.3390/ijerph191912857,Revisor A,aceptados_300_v2_codificado_RA.xlsx,Image,Monitoring/intervention,stage_flags,Deep Learning,Other / unclear,,Sistema de terapia lingüística móvil; no corresponde a una tarea diagnóstica clásica.
286,Feedback Artificial Tree-Anti Corona Virus Optimization enabled deep learning for detecting autism spectrum disorder,2022,https://doi.org/10.1111/EXSY.13040,Revisor A,aceptados_300_v2_codificado_RA.xlsx,Physiological signals,Diagnosis,stage_flags,Deep Learning,Other / unclear,,fMRI con ROI extraction + deep residual network optimizada; se codifica CNN/DRN como algoritmo principal.
288,Identifying Autism with Head Movement Features by Implementing Machine Learning Algorithms,2022,https://doi.org/10.1007/s10803-021-05179-2,Revisor A,aceptados_300_v2_codificado_RA.xlsx,Physiological signals,Screening | Diagnosis,stage_flags,Machine Learning,Decision Tree,Algorithm not explicit or unspecified | Needs full-text confirmation | Outside codebook or forced mapping,Algoritmo principal no explícito o fuera del codebook; Confirmar algoritmo principal en full-text
3,The use of data independent acquisition based proteomic analysis and machine learning to reveal potential biomarkers for autism spectrum disorder,2023,https://doi.org/10.1016/j.jprot.2023.104872,Revisor A,aceptados_300_v2_codificado_RA.xlsx,Not specified,Diagnosis,stage_flags,Deep Learning,Other / unclear,Algorithm not explicit or unspecified,Biomarcadores proteómicos en plasma para discriminar ASD vs controles; algoritmo ML no especificado.
13,Feature Signature Discovery for Autism Detection: An Automated Machine Learning Based Feature Ranking Framework,2023,https://doi.org/10.1155/2023/6330002,Revisor A,aceptados_300_v2_codificado_RA.xlsx,Not specified,Screening,stage_flags,Deep Learning,Other / unclear,Outside codebook or forced mapping,Usa puntajes Q-CHAT; framework AutoML/feature ranking no mapea a un algoritmo único.
46,A Model to Support the Prediction of Indicators in the Diagnosis and Intervention of Autism Spectrum Disorder,2023,https://doi.org/10.1007/978-3-031-48642-5_7,Revisor A,aceptados_300_v2_codificado_RA.xlsx,Text / NLP,Monitoring/intervention,stage_flags,Deep Learning,Transformer,Needs full-text confirmation,Proyecto en curso basado en conversaciones/escritura para apoyar indicadores diagnósticos/intervención; confirmar arquitectura final.
66,"Motor Signature Differences Between Autism Spectrum Disorder and Developmental Coordination Disorder, and Their Neural Mechanisms",2023,https://doi.org/10.1007/s10803-023-06171-8,Revisor A,aceptados_300_v2_codificado_RA.xlsx,Image,Diagnosis,stage_flags,Deep Learning,Other / unclear,Algorithm not explicit or unspecified,"Combina kinemática de tablet/video y fMRI para diferenciar ASD, DCD y TD; algoritmo principal no explícito."
74,A heterogeneous graph convolutional attention network method for classification of autism spectrum disorder,2023,https://doi.org/10.1186/S12859-023-05495-7,Revisor A,aceptados_300_v2_codificado_RA.xlsx,Physiological signals,Diagnosis,stage_flags,Deep Learning,MLP,Algorithm not explicit or unspecified | Needs full-text confirmation | Outside codebook or forced mapping | Multiple models compared | Primary model chosen from comparisons,Algoritmo principal no explícito o fuera del codebook; Confirmar algoritmo principal en full-text; Se comparan varios modelos; se eligió el principal/mejor reportado
81,Autism Detection in Children using Common Spatial Patterns of MEG Signals,2023,https://doi.org/10.1109/EMBC40787.2023.10340449,Revisor A,aceptados_300_v2_codificado_RA.xlsx,Physiological signals,Diagnosis,stage_flags,Machine Learning,Other / unclear,Algorithm not explicit or unspecified | Needs full-text confirmation | Outside codebook or forced mapping,Algoritmo principal no explícito o fuera del codebook; Confirmar algoritmo principal en full-text
82,Autism Spectrum Disorder detection framework for children based on federated learning integrated CNN-LSTM,2023,https://doi.org/10.1016/j.compbiomed.2023.107539,Revisor A,aceptados_300_v2_codificado_RA.xlsx,Image,Screening,stage_flags,Deep Learning,RNN/LSTM/GRU,Outside codebook or forced mapping | Hybrid or fusion architecture,Marco federado CNN-LSTM con datasets multimodales de cribado; arquitectura híbrida fuera del codebook.
94,Optimizing a de novo artificial intelligence-based medical device under a predetermined change control plan: Improved ability to detect or rule out pediatric autism,2023,https://doi.org/10.1016/j.ibmed.2023.100102,Revisor A,aceptados_300_v2_codificado_RA.xlsx,Not specified,Screening,stage_flags,Deep Learning,Other / unclear,Algorithm not explicit or unspecified | Needs full-text confirmation | Outside codebook or forced mapping,Algoritmo principal no explícito o fuera del codebook; Confirmar algoritmo principal en full-text
111,On the Utility of Parents' Historical Data to Investigate the Causes of Autism Spectrum Disorder: A Data Mining-Based Framework,2023,https://doi.org/10.1016/j.irbm.2023.100780,Revisor A,aceptados_300_v2_codificado_RA.xlsx,Not specified,Prescreening,stage_flags,Hybrid,SVM,,Usa historia parental/perinatal estructurada para modelar riesgo/causas; mezcla clustering y predicción sin algoritmo principal claro.
143,Biomarker prediction in autism spectrum disorder using a network-based approach,2023,https://doi.org/10.1186/S12920-023-01439-5,Revisor A,aceptados_300_v2_codificado_RA.xlsx,Not specified,Diagnosis,stage_flags,Deep Learning,Clustering (k-means / GMM / ...),Algorithm not explicit or unspecified | Needs full-text confirmation | Outside codebook or forced mapping,Algoritmo principal no explícito o fuera del codebook; Confirmar algoritmo principal en full-text
168,Stratification of Children with Autism Spectrum Disorder Through Fusion of Temporal Information in Eye-gaze Scan-Paths,2023,https://doi.org/10.1145/3539226,Revisor A,aceptados_300_v2_codificado_RA.xlsx,Image,Diagnosis,stage_flags,Deep Learning,CNN,Needs full-text confirmation,Estratificación de niños con ASD usando trayectorias de eye-gaze; confirmar si el objetivo es subtipado vs clasificación.
173,Using machine learning to improve diagnostic assessment of ASD in the light of specific differential and co-occurring diagnoses,2023,https://doi.org/10.1111/JCPP.13650,Revisor A,aceptados_300_v2_codificado_RA.xlsx,Text / NLP,Diagnosis,stage_flags,Machine Learning,Random Forest,Multiple models compared | Primary model chosen from comparisons,Se comparan varios modelos; se eligió el principal/mejor reportado
175,A machine learning approach for understanding the metabolomics response of children with autism spectrum disorder to medical cannabis treatment,2023,https://doi.org/10.1038/s41598-023-40073-0,Revisor A,aceptados_300_v2_codificado_RA.xlsx,Not specified,Monitoring/intervention,stage_flags,Machine Learning,Other / unclear,Algorithm not explicit or unspecified | Needs full-text confirmation | Outside codebook or forced mapping,Algoritmo principal no explícito o fuera del codebook; Confirmar algoritmo principal en full-text
210,Prediction of Behavioral Improvement Through Resting-State Electroencephalography and Clinical Severity in a Randomized Controlled Trial Testing Bumetanide in Autism Spectrum Disorder,2023,https://doi.org/10.1016/j.bpsc.2021.08.009,Revisor A,aceptados_300_v2_codificado_RA.xlsx,Physiological signals,Monitoring/intervention,stage_flags,Deep Learning,Other / unclear,Algorithm not explicit or unspecified | Needs full-text confirmation | Outside codebook or forced mapping,Algoritmo principal no explícito o fuera del codebook; Confirmar algoritmo principal en full-text
221,A hybrid Stacking-SMOTE model for optimizing the prediction of autistic genes,2023,https://doi.org/10.1186/S12859-023-05501-Y,Revisor A,aceptados_300_v2_codificado_RA.xlsx,Not specified,Diagnosis,stage_flags,Machine Learning,Other / unclear,Algorithm not explicit or unspecified | Needs full-text confirmation | Outside codebook or forced mapping,Algoritmo principal no explícito o fuera del codebook; Confirmar algoritmo principal en full-text
226,Artificial intelligence and sensor-based autism spectrum disorder diagnosis using brain connectivity analysis,2023,https://doi.org/10.1016/j.compeleceng.2023.108720,Revisor A,aceptados_300_v2_codificado_RA.xlsx,Image,Diagnosis,stage_flags,Deep Learning,Other / unclear,Algorithm not explicit or unspecified | Needs full-text confirmation | Outside codebook or forced mapping,Algoritmo principal no explícito o fuera del codebook; Confirmar algoritmo principal en full-text
234,Classification of\&#xa0;Facial Images to\&#xa0;Assist in\&#xa0;the\&#xa0;Diagnosis of\&#xa0;Autism Spectrum Disorder: A Study on\&#xa0;the\&#xa0;Effect of\&#xa0;Face Detection and\&#xa0;Landmark Identification Algorithms,2023,https://doi.org/10.1007/978-3-031-45389-2_18,Revisor A,aceptados_300_v2_codificado_RA.xlsx,Image,Diagnosis,stage_flags,Not specified,Other / unclear,Algorithm not explicit or unspecified | Needs full-text confirmation | Outside codebook or forced mapping,Algoritmo principal no explícito o fuera del codebook; Confirmar algoritmo principal en full-text
251,Integrative analysis of long noncoding RNAs dysregulation and synapse-associated ceRNA regulatory axes in autism,2023,https://doi.org/10.1038/s41398-023-02662-5,Revisor A,aceptados_300_v2_codificado_RA.xlsx,Physiological signals,Diagnosis,stage_flags,Machine Learning,SVM,,Análisis integrativo de lncRNA/ceRNA sin algoritmo de IA clínico principal claramente reportado.
277,Accurate corresponding fiber tract segmentation via FiberGeoMap learner with application to autism,2023,https://doi.org/10.1093/cercor/bhad125,Revisor A,aceptados_300_v2_codificado_RA.xlsx,Image,Diagnosis,stage_flags,Deep Learning,Transformer,Outside codebook or forced mapping,Segmentación de tractos de difusión; algoritmo FiberGeoMap fuera del codebook.
280,Classification of autism based on short-term spontaneous hemodynamic fluctuations using an adaptive graph neural network,2023,https://doi.org/10.1016/j.jneumeth.2023.109901,Revisor A,aceptados_300_v2_codificado_RA.xlsx,Multimodal,Diagnosis,stage_flags,Deep Learning,Other / unclear,Algorithm not explicit or unspecified | Needs full-text confirmation | Outside codebook or forced mapping | Multiple models compared | Primary model chosen from comparisons,Algoritmo principal no explícito o fuera del codebook; Confirmar algoritmo principal en full-text; Se comparan varios modelos; se eligió el principal/mejor reportado
282,DeepASDPred: a CNN-LSTM-based deep learning method for Autism spectrum disorders risk RNA identification,2023,https://doi.org/10.1186/s12859-023-05378-x,Revisor A,aceptados_300_v2_codificado_RA.xlsx,Text / NLP,Prescreening,stage_flags,Hybrid,CNN,Hybrid or fusion architecture,Predicción de RNAs de riesgo ASD con arquitectura CNN-LSTM; se marca prescreening/risk.
28,An evaluation of machine learning approaches for early diagnosis of autism spectrum disorder,2024,https://doi.org/10.1016/j.health.2023.100293,Revisor A,aceptados_300_v2_codificado_RA.xlsx,Not specified,Diagnosis,stage_flags,Machine Learning,SVM,Multiple models compared | Primary model chosen from comparisons,Compara varios clasificadores; ANN/MLP reporta mejor desempeño en dataset combinado.
36,Investigating multiclass autism spectrum disorder classification using machine learning techniques,2024,https://doi.org/10.1016/j.prime.2024.100602,Revisor A,aceptados_300_v2_codificado_RA.xlsx,Not specified,Diagnosis,stage_flags,Machine Learning,Logistic Regression,Primary model chosen from comparisons,LR y SVM destacan; se selecciona LR como principal por mejor desempeño reportado en varios subconjuntos.
51,Bilinear Perceptual Fusion Algorithm Based on Brain Functional and Structural Data for ASD Diagnosis and Regions of Interest Identification,2024,https://doi.org/10.1007/s12539-024-00651-w,Revisor A,aceptados_300_v2_codificado_RA.xlsx,Multimodal,Diagnosis,stage_flags,Not specified,CNN,Outside codebook or forced mapping,Fusión multimodal de datos cerebrales estructurales/funcionales; arquitectura GCN fuera del codebook.
57,Evaluation and benchmarking of hybrid machine learning models for autism spectrum disorder diagnosis using a 2-tuple linguistic neutrosophic fuzzy sets-based decision-making model,2024,https://doi.org/10.1007/s00521-024-09905-6,Revisor A,aceptados_300_v2_codificado_RA.xlsx,Text / NLP,Diagnosis,stage_flags,Machine Learning,Decision Tree,Algorithm not explicit or unspecified | Needs full-text confirmation | Outside codebook or forced mapping | Multiple models compared | Primary model chosen from comparisons,Algoritmo principal no explícito o fuera del codebook; Confirmar algoritmo principal en full-text; Se comparan varios modelos; se eligió el principal/mejor reportado
69,Regional-Asymmetric Adaptive Graph Convolutional Neural Network for Diagnosis of Autism in Children with Resting-State EEG,2024,https://doi.org/10.1109/TNSRE.2023.3347134,Revisor A,aceptados_300_v2_codificado_RA.xlsx,Physiological signals,Diagnosis,stage_flags,Deep Learning,CNN,Outside codebook or forced mapping,Red neuronal convolucional en grafos sobre EEG; arquitectura fuera del codebook.
78,An Automatic Framework for Detecting Autism Spectrum Disorder From EEG Signals Using TFD,2024,https://doi.org/10.1109/JSEN.2024.3362341,Revisor A,aceptados_300_v2_codificado_RA.xlsx,Physiological signals,Diagnosis,stage_flags,Deep Learning,CNN,Multiple models compared | Primary model chosen from comparisons,Se comparan varios modelos; se eligió el principal/mejor reportado
98,Self-supervised machine learning approach for autism detection in young children using MEG signals,2024,https://doi.org/10.1016/j.bspc.2024.106671,Revisor A,aceptados_300_v2_codificado_RA.xlsx,Physiological signals,Diagnosis,stage_flags,Hybrid,Transformer,,SSL con wav2vec 2.0 para extraer embeddings MEG; clasificación final con ANN/SVM.
127,Fusion of transfer learning with nature-inspired dandelion algorithm for autism spectrum disorder detection and classification using facial features,2024,https://doi.org/10.1038/s41598-024-82299-6,Revisor A,aceptados_300_v2_codificado_RA.xlsx,Image,Screening | Diagnosis,stage_flags,Deep Learning,RNN/LSTM/GRU,Algorithm not explicit or unspecified | Needs full-text confirmation | Outside codebook or forced mapping,Algoritmo principal no explícito o fuera del codebook; Confirmar algoritmo principal en full-text
177,Aided Diagnosis of\&#xa0;Autism Spectrum Disorder Based on\&#xa0;a\&#xa0;Mixed Neural Network Model,2024,https://doi.org/10.1007/978-981-99-8141-0_12,Revisor A,aceptados_300_v2_codificado_RA.xlsx,Not specified,Diagnosis,stage_flags,Deep Learning,MLP,Multiple models compared | Primary model chosen from comparisons,Se comparan varios modelos; se eligió el principal/mejor reportado
180,Biosignal comparison for autism assessment using machine learning models and virtual reality,2024,https://doi.org/10.1016/j.compbiomed.2024.108194,Revisor A,aceptados_300_v2_codificado_RA.xlsx,Physiological signals,Screening,stage_flags,Machine Learning,SVM,Multiple models compared | Primary model chosen from comparisons,Se comparan varios modelos; se eligió el principal/mejor reportado
186,Decoding Autism: Uncovering patterns in brain connectivity through sparsity analysis with rs-fMRI data,2024,https://doi.org/10.1016/j.jneumeth.2024.110100,Revisor A,aceptados_300_v2_codificado_RA.xlsx,Physiological signals,Diagnosis,stage_flags,Deep Learning,CNN,Algorithm not explicit or unspecified | Needs full-text confirmation | Outside codebook or forced mapping | Multiple models compared | Primary model chosen from comparisons,Algoritmo principal no explícito o fuera del codebook; Confirmar algoritmo principal en full-text; Se comparan varios modelos; se eligió el principal/mejor reportado
189,Early identification of autism spectrum disorder based on machine learning with eye-tracking data,2024,https://doi.org/10.1016/j.jad.2024.04.049,Revisor A,aceptados_300_v2_codificado_RA.xlsx,Image,Screening,stage_flags,Hybrid,Random Forest,Multiple models compared | Primary model chosen from comparisons,Se comparan varios modelos; se eligió el principal/mejor reportado
202,Model selection to achieve reproducible associations between resting state EEG features and autism,2024,https://doi.org/10.1038/s41598-024-76659-5,Revisor A,aceptados_300_v2_codificado_RA.xlsx,Physiological signals,Diagnosis,stage_flags,Deep Learning,Other / unclear,Algorithm not explicit or unspecified | Needs full-text confirmation | Outside codebook or forced mapping,Algoritmo principal no explícito o fuera del codebook; Confirmar algoritmo principal en full-text
205,Off-Body Sleep Analysis for Predicting Adverse Behavior in Individuals With Autism Spectrum Disorder,2024,https://doi.org/10.1109/JBHI.2024.3455942,Revisor A,aceptados_300_v2_codificado_RA.xlsx,Image,Prognosis | Monitoring/intervention,stage_flags,Deep Learning,Other / unclear,Algorithm not explicit or unspecified | Needs full-text confirmation | Outside codebook or forced mapping,Algoritmo principal no explícito o fuera del codebook; Confirmar algoritmo principal en full-text
209,Predicting individual autistic symptoms for patients with autism spectrum disorder using interregional morphological connectivity,2024,https://doi.org/10.1016/j.pscychresns.2024.111822,Revisor A,aceptados_300_v2_codificado_RA.xlsx,Multimodal,Prognosis | Monitoring/intervention,stage_flags,Machine Learning,Other / unclear,Algorithm not explicit or unspecified | Needs full-text confirmation | Outside codebook or forced mapping,Algoritmo principal no explícito o fuera del codebook; Confirmar algoritmo principal en full-text
253,Interpersonal Motor Coordination in Children with Autism and the Establishment of Machine Learning Models to Objectively Classify Children with Autism and Typical Development,2024,https://doi.org/10.1016/j.irbm.2024.100838,Revisor A,aceptados_300_v2_codificado_RA.xlsx,Physiological signals,Screening,stage_flags,Deep Learning,Other / unclear,Algorithm not explicit or unspecified | Needs full-text confirmation | Outside codebook or forced mapping,Algoritmo principal no explícito o fuera del codebook; Confirmar algoritmo principal en full-text
260,Multi-atlas Representations Based on\&#xa0;Graph Convolutional Networks for\&#xa0;Autism Spectrum Disorder Diagnosis,2024,https://doi.org/10.1007/978-981-99-8558-6_38,Revisor A,aceptados_300_v2_codificado_RA.xlsx,Not specified,Diagnosis,stage_flags,Deep Learning,Other / unclear,Algorithm not explicit or unspecified | Needs full-text confirmation | Outside codebook or forced mapping | Multiple models compared | Primary model chosen from comparisons,Algoritmo principal no explícito o fuera del codebook; Confirmar algoritmo principal en full-text; Se comparan varios modelos; se eligió el principal/mejor reportado
300,Application of Speech Signal for Early Screening of Children with Autism Spectrum Disorder,2024,https://doi.org/10.1007/978-3-031-62273-1_36,Revisor A,aceptados_300_v2_codificado_RA.xlsx,Physiological signals,Screening,stage_flags,Not specified,Other / unclear,Needs full-text confirmation,Abstract faltante; se codifica solo por el título y requiere verificación en full-text.
27,An analytics-driven model for identifying autism spectrum disorder using eye tracking,2025,https://doi.org/10.1016/j.health.2025.100409,Revisor A,aceptados_300_v2_codificado_RA.xlsx,Physiological signals,Screening,stage_flags,Deep Learning,MLP,Algorithm not explicit or unspecified,Usa eye-tracking/gaze movement; algoritmo principal no explícito.
63,Improving fMRI-Based Autism Severity Identification via Brain Network Distance and Adaptive Label Distribution Learning,2025,https://doi.org/10.1109/TNSRE.2024.3516216,Revisor A,aceptados_300_v2_codificado_RA.xlsx,Image,Diagnosis,stage_flags,Machine Learning,MLP,Algorithm not explicit or unspecified | Needs full-text confirmation | Outside codebook or forced mapping,Algoritmo principal no explícito o fuera del codebook; Confirmar algoritmo principal en full-text
92,Learning discriminative functional connectivity networks for identifying Autism spectrum disorder,2025,https://doi.org/10.1016/j.bspc.2024.107466,Revisor A,aceptados_300_v2_codificado_RA.xlsx,Physiological signals,Diagnosis,stage_flags,Deep Learning,Other / unclear,Algorithm not explicit or unspecified | Needs full-text confirmation | Outside codebook or forced mapping,Algoritmo principal no explícito o fuera del codebook; Confirmar algoritmo principal en full-text
100,Sex Differences in Functional Gradients and Dynamic Functional Connectivity in Preschool-Aged Children With ASD,2025,https://doi.org/10.1111/cns.70562,Revisor A,aceptados_300_v2_codificado_RA.xlsx,Physiological signals,Diagnosis,stage_flags,Deep Learning,Other / unclear,Algorithm not explicit or unspecified,Se aplican múltiples modelos ML a características de conectividad/gradientes; algoritmo principal no especificado.
115,Electromagnetic Interaction Algorithm (EIA)-Based Feature Selection With Adaptive Kernel Attention Network (AKAttNet) for Autism Spectrum Disorder Classification,2025,https://doi.org/10.1002/jdn.70034,Revisor A,aceptados_300_v2_codificado_RA.xlsx,Not specified,Screening | Diagnosis,stage_flags,Hybrid,CNN,Algorithm not explicit or unspecified | Needs full-text confirmation | Outside codebook or forced mapping | Multiple models compared | Primary model chosen from comparisons,Algoritmo principal no explícito o fuera del codebook; Confirmar algoritmo principal en full-text; Se comparan varios modelos; se eligió el principal/mejor reportado
120,Screening autism spectrum disorder in children using machine learning on speech transcripts,2025,https://doi.org/10.1038/s41598-025-01500-6,Revisor A,aceptados_300_v2_codificado_RA.xlsx,Image,Screening,stage_flags,Machine Learning,Other / unclear,Algorithm not explicit or unspecified | Needs full-text confirmation | Outside codebook or forced mapping,Algoritmo principal no explícito o fuera del codebook; Confirmar algoritmo principal en full-text
130,Large-scale examination of early-age sex differences in neurotypical toddlers and those with autism spectrum disorder or other developmental conditions,2025,https://doi.org/10.1038/s41562-025-02132-6,Revisor A,aceptados_300_v2_codificado_RA.xlsx,Text / NLP,Diagnosis,stage_flags,Deep Learning,Clustering (k-means / GMM / ...),,Examen de diferencias por sexo/edad; no queda claro el algoritmo o la tarea principal de IA.
139,Assessing the Efficacy of Deep Learning Algorithms for Behavioral and Neurological Markers in Autism Diagnosis in Children,2025,https://doi.org/10.1007/978-981-96-6297-5_20,Revisor A,aceptados_300_v2_codificado_RA.xlsx,Not specified,Diagnosis,stage_flags,Deep Learning,CNN,,El abstract no deja claro si es evaluación empírica o revisión de marcadores conductuales/neurológicos.
142,AV-FOS: Transformer-Based Audio-Visual Multimodal Interaction Style Recognition for Children With Autism Using the Revised Family Observation Schedule 3rd Edition (FOS-R-III),2025,https://doi.org/10.1109/JBHI.2025.3542066,Revisor A,aceptados_300_v2_codificado_RA.xlsx,Image,Monitoring/intervention,stage_flags,Deep Learning,Transformer,,Reconocimiento de estilo de interacción audio-visual en FOS-R-III; etapa clínica exacta requiere confirmación.
147,DALNN: Dual Attention Learning Neural Network for Diagnosis of Autism Spectrum Disorders and Exploration of Lesion Brain Regions,2025,https://doi.org/10.1109/TCSS.2025.3593119,Revisor A,aceptados_300_v2_codificado_RA.xlsx,Multimodal,Diagnosis,stage_flags,Deep Learning,Other / unclear,Algorithm not explicit or unspecified | Needs full-text confirmation | Outside codebook or forced mapping,Algoritmo principal no explícito o fuera del codebook; Confirmar algoritmo principal en full-text
161,Leveraging artificial intelligence for diagnosis of children autism through facial expressions,2025,https://doi.org/10.1038/s41598-025-96014-6,Revisor A,aceptados_300_v2_codificado_RA.xlsx,Image,Screening,stage_flags,Deep Learning,Other / unclear,,Diagnóstico por expresiones faciales; abstract no especifica claramente una arquitectura del codebook.
198,Identification of autism spectrum disorder using deep neural network,2025,https://doi.org/10.1088/1742-6596/1921/1/012006/META,Revisor A,aceptados_300_v2_codificado_RA.xlsx,Not specified,Diagnosis,stage_flags,Deep Learning,Other / unclear,,Parece revisión de métodos/diagnósticos digitales más que estudio empírico primario.
201,Machine Learning–Based Approach for Early Screening of Autism Spectrum Disorders,2025,https://doi.org/10.1155/ACIS/9975499,Revisor A,aceptados_300_v2_codificado_RA.xlsx,Physiological signals,Screening,stage_flags,Machine Learning,SVM,Multiple models compared | Primary model chosen from comparisons,Se comparan varios modelos; se eligió el principal/mejor reportado
236,Correlations between blood group and Rh factor in families and autism spectrum disorder: A comprehensive analysis,2025,https://doi.org/10.1038/s41598-025-97313-8,Revisor A,aceptados_300_v2_codificado_RA.xlsx,Not specified,Prescreening,stage_flags,Machine Learning,Logistic Regression,,Análisis de grupos sanguíneos con regresión logística/ML no claramente central para una etapa clínica RQ1.
255,LSTA-CNN: A Lightweight Spatiotemporal Attention-Based Convolutional Neural Network for ASD Diagnosis Using EEG,2025,https://doi.org/10.1109/TNSRE.2025.3580593,Revisor A,aceptados_300_v2_codificado_RA.xlsx,Physiological signals,Diagnosis,stage_flags,Deep Learning,CNN,Multiple models compared | Primary model chosen from comparisons,Se comparan varios modelos; se eligió el principal/mejor reportado
258,MDNCT: a multi-domain neurocognitive transformer architecture approach for early prediction of autism spectrum disorders,2025,https://doi.org/10.1038/s41598-025-09862-7,Revisor A,aceptados_300_v2_codificado_RA.xlsx,Physiological signals,Screening,stage_flags,Deep Learning,Other / unclear,,Arquitectura transformer multi-domain para predicción temprana; fuente de datos específica no es explícita en el abstract.
266,Prenatal exposure to criteria air pollution and traffic-related air toxics and risk of autism spectrum disorder: A population-based cohort study of California births (1990–2018),2025,https://doi.org/10.1016/j.envint.2025.109562,Revisor A,aceptados_300_v2_codificado_RA.xlsx,Not specified,Prescreening,stage_flags,Machine Learning,Logistic Regression,Algorithm not explicit or unspecified | Needs full-text confirmation | Outside codebook or forced mapping,Algoritmo principal no explícito o fuera del codebook; Confirmar algoritmo principal en full-text
271,Stakeholder perception towards a machine-learning-based digital platform for detection and management of autism spectrum disorder,2025,https://doi.org/10.1111/EXSY.13545,Revisor A,aceptados_300_v2_codificado_RA.xlsx,Not specified,Monitoring/intervention,stage_flags,Deep Learning,Other / unclear,Algorithm not explicit or unspecified | Outside codebook or forced mapping,Algoritmo principal no explícito o fuera del codebook; Resumen sugiere revisión/comentario/sistema no claramente empírico
20,Testing the accuracy of an observation-based classifier for rapid detection of autism risk.,2014,https://doi.org/10.1038/tp.2014.65,Revisor B,aceptados_300_codificado_RB.xlsx,Not specified,Screening | Diagnosis,stage_flags,Deep Learning,Decision Tree,Outside codebook or forced mapping,Algorithm specifically is Alternating Decision Tree (ADTree) (not a standard single CART/ID3); mapped to Decision Tree due to allowed categories
157,Functional connectivity classification of autism identifies highly predictive brain features but falls short of biomarker standards,2015,https://doi.org/10.1016/j.nicl.2014.12.013,Revisor B,aceptados_300_codificado_RB.xlsx,Physiological signals,Diagnosis,stage_flags,Deep Learning,Logistic Regression,Multiple models compared,"comparan múltiples algoritmos (RF, KNN, SVM, varias regresiones logísticas, etc.), pero para “main” aquí lo más defendible es Logistic Regression (L2LR) por desempeño consistente."
257,Maternal thyroid autoantibody and elevated risk of autism in a national birth cohort,2015,https://doi.org/10.1016/j.pnpbp.2014.10.010,Revisor B,aceptados_300_codificado_RB.xlsx,Not specified,Prognosis,stage_primary_fallback,Machine Learning,Logistic Regression,,"Este paper es epidemiología/biomarcador (asociación y estimación de riesgo), no un sistema de IA clínica “operativo”. Si tu revisión separa ML “aplicado” vs estadística epidemiológica, anótalo."
119,Ensemble statistical and subspace clustering model for analysis of autism spectrum disorder phenotypes,2016,https://doi.org/10.1109/EMBC.2016.7591440,Revisor B,aceptados_300_codificado_RB.xlsx,Not specified,Screening | Diagnosis,stage_flags,Machine Learning,Clustering (k-means / GMM / ...),,Estudio de subtipificación/heterogeneidad en una cohorte ASD ya confirmada (SSC; ADI-R/ADOS); no clasifica ASD vs control como endpoint principal
145,Clinical Evaluation of a Novel and Mobile Autism Risk Assessment,2016,https://doi.org/10.1007/s10803-016-2718-4,Revisor B,aceptados_300_codificado_RB.xlsx,Not specified,Screening | Diagnosis | Prognosis | Monitoring/intervention,stage_flags,Deep Learning,Decision Tree,,Alternating Decision Tree (ADTree)” es una variante de árbol de decisión; por eso cae naturalmente en Decision Tree
6,Sparsifying machine learning models identify stable subsets of predictive features for behavioral detection of autism,2017,https://doi.org/10.1186/s13229-017-0180-6,Revisor B,aceptados_300_codificado_RB.xlsx,Image,Screening | Diagnosis | Prognosis | Monitoring/intervention,stage_flags,Machine Learning,Logistic Regression,Multiple models compared,Comparative study (17 supervised models); sparse/regularized; interpretable candidates include Logistic Regression (L2) and Linear SVM (L1).
68,Perceived social support in adults with autism spectrum disorder and attention-deficit/hyperactivity disorder,2017,https://doi.org/10.1002/AUR.1735,Revisor B,aceptados_300_codificado_RB.xlsx,Text / NLP,Diagnosis,stage_flags,Machine Learning,Random Forest,,ste paper no es diagnóstico ASD vs control; usa ML para modelar/predicir un puntaje de apoyo social percibido (MSPSS-f) en grupos ASD/ADHD/controles.
89,Feasibility Testing of a Wearable Behavioral Aid for Social Learning in Children with Autism,2018,https://doi.org/10.1055/s-0038-1626727,Revisor B,aceptados_300_codificado_RB.xlsx,Image,Monitoring/intervention,stage_primary_fallback,Machine Learning,Logistic Regression,,"Clasificación ASD vs NC usando matrices de confusión de reconocimiento de emociones; el sistema (Google Glass) da ‘emotion labeling’, pero el clasificador principal para inferir ASD/NC es logistic regression"
103,Using machine learning to identify patterns of lifetime health problems in decedents with autism spectrum disorder,2018,https://doi.org/10.1002/AUR.1960,Revisor B,aceptados_300_codificado_RB.xlsx,Multimodal,Monitoring/intervention,stage_primary_fallback,Deep Learning,Random Forest,,"la clasificación se hace a partir de códigos ICD-9/V/E de EHR en decedentes, para distinguir patrones de salud de por vida (no es biomarcador directo ni herramienta clínica prospectiva)."
105,A Novel Deep Learning Approach for Recognizing Stereotypical Motor Movements within and across Subjects on the Autism Spectrum Disorder,2018,https://doi.org/10.1155/2018/7186762,Revisor B,aceptados_300_codificado_RB.xlsx,Physiological signals,Prognosis,stage_flags,Hybrid,Random Forest,,"para el escenario across-subjects combinan transfer learning + SVM classifier. Si tu Excel solo permite un algoritmo principal, deja CNN como principal y anota “SVM + transfer learning para across-subject”"
295,Prediction of Autism at 3 Years from Behavioural and Developmental Measures in High-Risk Infants: A Longitudinal Cross-Domain Classifier Analysis,2018,https://doi.org/10.1007/s10803-018-3509-x,Revisor B,aceptados_300_codificado_RB.xlsx,Not specified,Prognosis,stage_primary_fallback,Machine Learning,SVM,,"No es “ASD vs control poblacional”, sino predicción dentro del grupo de alto riesgo: “Low-risk controls were excluded… our main aim… predicting ASD outcome among HR siblings.”"
9,An automated assessment framework for atypical prosody and stereotyped idiosyncratic phrases related to autism spectrum disorder,2019,https://doi.org/10.1016/j.csl.2018.11.002,Revisor B,aceptados_300_codificado_RB.xlsx,Audio / Voice,Diagnosis,stage_flags,Hybrid,CNN,Hybrid or fusion architecture,"“End-to-end models: CNN, RNN(BLSTM), CNN+RNN(GRU/LSTM) on spectrograms; baseline OpenSMILE+linear SVM; text task uses linear SVM with n-gram/dep-treebank/TF-IDF/LIWC; score-level fusion."
12,Effect of Wearable Digital Intervention for Improving Socialization in Children with Autism Spectrum Disorder: A Randomized Clinical Trial,2019,https://doi.org/10.1001/jamapediatrics.2019.0285,Revisor B,aceptados_300_codificado_RB.xlsx,Multimodal,Monitoring/intervention,stage_flags,Not specified,Other / unclear,Algorithm not explicit or unspecified,Wearable AI-driven behavioral intervention (‘Superpower Glass’) that detects facial expressions and provides cues for emotion recognition during home sessions; clinical RCT; AI model family not specified in paper text.
96,Polychlorinated biphenyls influence on autism spectrum disorder risk in the MARBLES cohort,2019,https://doi.org/10.1016/j.envres.2018.12.061,Revisor B,aceptados_300_codificado_RB.xlsx,Not specified,Screening | Diagnosis,stage_flags,Hybrid,Logistic Regression,,Epidemiologic multinomial logistic regression (not ML/AI). Outcome categories ASD / Non-TD / TD at 3 years
125,Diagnosis of Autism Spectrum Disorders in Young Children Based on Resting-State Functional Magnetic Resonance Imaging Data Using Convolutional Neural Networks,2019,https://doi.org/10.1007/s10278-019-00196-1,Revisor B,aceptados_300_codificado_RB.xlsx,Image,Screening | Diagnosis,stage_flags,Deep Learning,CNN,,"demás de CNN, reporta transfer learning y combinación de clasificadores (mixture of experts / simple Bayes), pero el núcleo es CNN para clasificar ASD vs no-ASD con rs-fMRI (ABIDE)."
190,"Examining overlap and homogeneity in ASD, ADHD, and OCD: a data-driven, diagnosis-agnostic approach",2019,https://doi.org/10.1038/s41398-019-0631-2,Revisor B,aceptados_300_codificado_RB.xlsx,Not specified,Diagnosis,stage_flags,Deep Learning,Clustering (k-means / GMM / ...),,Bagged-multiview clustering (bagging + spectral clustering)
284,Exploration of Autism Spectrum Disorder using Classification Algorithms,2019,https://doi.org/10.1016/j.procs.2020.01.098,Revisor B,aceptados_300_codificado_RB.xlsx,Image,Screening | Prognosis,stage_flags,Hybrid,SVM,Multiple models compared | Primary model chosen from comparisons,"Es un paper comparativo (Naive Bayes, Decision Table, SVM). Aunque SVM es “best” según su texto, también reportan desempeño perfecto para otro método en su tabla; si tu Excel exige un solo “main”, SVM es defendible solo con esa frase de “best”"
30,Analysis and Detection of Autism Spectrum Disorder Using Machine Learning Techniques,2020,https://doi.org/10.1016/j.procs.2020.03.399,Revisor B,aceptados_300_codificado_RB.xlsx,Not specified,Screening | Diagnosis,stage_flags,Hybrid,CNN,Multiple models compared | Primary model chosen from comparisons,"Comparan varios algoritmos (Naive Bayes, SVM, LR, KNN, NN y CNN); para tu columna AI_algorithm_main conviene poner CNN porque es el que señalan como mejor globalmente"
97,Predicting Core Characteristics of ASD Through Facial Emotion Recognition and Eye Tracking in Youth.,2020,https://doi.org/10.1109/EMBC44109.2020.9176843,Revisor B,aceptados_300_codificado_RB.xlsx,Image,Monitoring/intervention,stage_flags,Machine Learning,Random Forest,,"aunque el paper comenta que el enfoque “may serve as a classifier for ASD diagnosis” y muestra ROC para clasificación, el pipeline principal reportado es regresión de puntajes; por eso conviene codificarlo como Regression"
194,Feature replacement methods enable reliable home video analysis for machine learning detection of autism,2020,https://doi.org/10.1038/s41598-020-76874-w,Revisor B,aceptados_300_codificado_RB.xlsx,Image,Diagnosis | Monitoring/intervention,stage_flags,Machine Learning,Logistic Regression,,"El paper evalúa dos familias (LR9 y ADTree7). Si tu columna “main algorithm” solo permite una opción, conviene añadir una opción tipo “Multiple (specify)” o permitir multiselección para no perder fidelidad"
229,Autoencoder Based Methods for Diagnosis of Autism Spectrum Disorder,2020,https://doi.org/10.1007/978-3-030-46165-2_4,Revisor B,aceptados_300_codificado_RB.xlsx,Not specified,Diagnosis,stage_flags,Deep Learning,Autoencoder,Primary model chosen from comparisons,"Pipeline AE + (SVM/KNN/subspace discriminant) + DNN; AE+DNN logra mejor (accuracy 79.2%, AUC 82.4%). Paradigma mixto: AE (no supervisado) + clasificador (supervisado); abstract no etiqueta “supervised”."
232,Classification of autism spectrum disorder based on fluctuation entropy of spontaneous hemodynamic fluctuations,2020,https://doi.org/10.1016/j.bspc.2020.101958,Revisor B,aceptados_300_codificado_RB.xlsx,Physiological signals,Diagnosis,stage_flags,Machine Learning,Other / unclear,,"arcar Other/Not clear en main algorithm y en notas anotar que el “network cluster classification model” incluye SVM + Gaussian Naive Bayes + Decision Tree + MLP + Logistic Regression. Además, el artículo menciona posible uso futuro en screening, pero aquí el uso directo descrito es diagnóstico"
233,Classification of autism spectrum disorder based on sample entropy of spontaneous functional near infra-red spectroscopy signal,2020,https://doi.org/10.1016/j.clinph.2019.12.400,Revisor B,aceptados_300_codificado_RB.xlsx,Physiological signals,Diagnosis | Monitoring/intervention,stage_flags,Machine Learning,Clustering (k-means / GMM / ...),,"arcar Other/Not clear en main algorithm y en notas anotar que el “network cluster classification model” incluye SVM + Gaussian Naive Bayes + Decision Tree + MLP + Logistic Regression. Además, el artículo menciona posible uso futuro en screening, pero aquí el uso directo descrito es diagnóstico"
269,Self-weighted adaptive structure learning for ASD diagnosis via multi-template multi-center representation,2020,https://doi.org/10.1016/j.media.2020.101662,Revisor B,aceptados_300_codificado_RB.xlsx,Multimodal,Diagnosis,stage_primary_fallback,Deep Learning,Other / unclear,,"el algoritmo principal es SASL-E/SASL, no uno de tu lista"
22,A CNN deep local and global ASD classification approach with continuous wavelet transform using task-based FMRI,2021,https://doi.org/10.3390/s21175822,Revisor B,aceptados_300_codificado_RB.xlsx,Physiological signals,Screening | Diagnosis,stage_flags,Deep Learning,CNN,,"Incluye clustering para ROI/selección dimensional y generan “brain map indicating ASD severity level”, pero el objetivo central del sistema es clasificación ASD vs TD con CNN."
31,ASD classification for children using deep neural network,2021,https://doi.org/10.1016/j.gltp.2021.08.042,Revisor B,aceptados_300_codificado_RB.xlsx,Not specified,Diagnosis,stage_flags,Deep Learning,MLP,Hybrid or fusion architecture,Tabular screening dataset; diffusion mapping + DNN classifier.
38,Machine learning analysis of pregnancy data enables early identification of a subpopulation of newborns with ASD,2021,https://doi.org/10.1038/s41598-021-86320-0,Revisor B,aceptados_300_codificado_RB.xlsx,Image,Diagnosis,stage_flags,Machine Learning,XGBoost / GBDT,Explainability or validation detail,“Main classifier: Gradient Boosting Decision Trees implemented with XGBoost; feature selection via Lasso (automatic / semi-automatic) + SHAP interpretability; nested CV.
49,A Triple-Pooling Graph Neural Network for\&#xa0;Multi-scale Topological Learning of\&#xa0;Brain Functional Connectivity: Application to\&#xa0;ASD Diagnosis,2021,https://doi.org/10.1007/978-3-030-93049-3_30,Revisor B,aceptados_300_codificado_RB.xlsx,Physiological signals,Diagnosis,stage_primary_fallback,Deep Learning,Other / unclear,Outside codebook or forced mapping,Graph Neural Network (TPGNN) for rs-fMRI functional connectivity; mapped to Other (GNN not in list)
183,Computational Methods to Measure Patterns of Gaze in Toddlers with Autism Spectrum Disorder,2021,https://doi.org/10.1001/jamapediatrics.2021.0530,Revisor B,aceptados_300_codificado_RB.xlsx,Image,Diagnosis | Monitoring/intervention,stage_flags,Deep Learning,Decision Tree,,No es “diagnóstico” como tal; es una herramienta en visita pediátrica para detectar síntomas tempranos/riesgo usando patrones de mirada.
199,Informing developmental milestone achievement for children with autism: Machine learning approach,2021,https://doi.org/10.2196/29242,Revisor B,aceptados_300_codificado_RB.xlsx,Not specified,Screening | Monitoring/intervention,stage_flags,Hybrid,MLP,,Binary classification of milestone achievement; not ASD-vs-control.
91,Integrating Graph Convolutional Networks (GCNNs) and Long Short-Term Memory (LSTM) for Efficient Diagnosis of Autism,2022,https://doi.org/10.1007/978-3-031-09342-5_11,Revisor B,aceptados_300_codificado_RB.xlsx,Not specified,Diagnosis,stage_flags,Deep Learning,Other / unclear,Outside codebook or forced mapping | Hybrid or fusion architecture,Hybrid GCNN + LSTM on ABIDE fMRI; mapped to Other because GNN not in algorithm list.
160,"Imputing cognitive impairment in SPARK, a large autism cohort",2022,https://doi.org/10.1002/AUR.2622,Revisor B,aceptados_300_codificado_RB.xlsx,Text / NLP,Diagnosis | Monitoring/intervention,stage_flags,Deep Learning,Logistic Regression,,el modelo no busca detectar ASD vs no-ASD; trabaja dentro de una cohorte ASD para imputar/estimar capacidad cognitiva / impairment (FSIQ y umbrales). Eso no cae limpio en Prescreening/Screening/Diagnosis/Prognosis/Monitoring de ASD.
264,Non-Oscillatory Connectivity Approach for Classification of Autism Spectrum Disorder Subtypes Using Resting-State fMRI,2022,https://doi.org/10.1109/ACCESS.2022.3146719,Revisor B,aceptados_300_codificado_RB.xlsx,Physiological signals,Diagnosis,stage_primary_fallback,Hybrid,SVM,Multiple models compared | Primary model chosen from comparisons,"No hay un único “modelo”; hay un pipeline de conectividad NOC + selección por p-values + comparación de clasificadores, y SVM queda como el mejor. 

Non-Oscillatory_Connectivity_Ap…

Dataset de subtipos es pequeño (36 sujetos por clase), y además validan ASD vs NC con un dataset grande (505 ASD / 530 NC). Esto puede ser importante si tu Excel tiene campo de “tamaño/validación”."
283,Employing Machine Learning-Based Predictive Analytical Approaches to Classify Autism Spectrum Disorder Types,2022,https://doi.org/10.1155/2022/8134018,Revisor B,aceptados_300_codificado_RB.xlsx,Not specified,Prognosis,stage_flags,Deep Learning,MLP,,"No es “ASD vs TD” puro; es clasificación de severidad (incluye “No ASD” + Levels 1–3). Si tu análisis separa “diagnosis binaria” vs “severity”, aquí conviene anotarlo."
39,Machine Learning-Based Blood RNA Signature for Diagnosis of Autism Spectrum Disorder,2023,https://doi.org/10.3390/ijms24032082,Revisor B,aceptados_300_codificado_RB.xlsx,Not specified,Diagnosis | Prognosis | Monitoring/intervention,stage_flags,Machine Learning,Random Forest,,También usan Extra Trees
53,Development and validation of a machine learning-based tool to predict autism among children,2023,https://doi.org/10.1002/AUR.2912,Revisor B,aceptados_300_codificado_RB.xlsx,Not specified,Diagnosis,stage_flags,Machine Learning,Logistic Regression,Multiple models compared,También entrenan Gradient Boosted Trees (XGBoost/GBDT) y reportan desempeño comparable en validación.
90,Handwriting-Based ADHD Detection for Children Having ASD Using Machine Learning Approaches,2023,https://doi.org/10.1109/ACCESS.2023.3302903,Revisor B,aceptados_300_codificado_RB.xlsx,Not specified,Diagnosis | Prognosis,stage_flags,Machine Learning,Random Forest,Primary model chosen from comparisons,Target is ADHD with coexisting ASD vs healthy (not ASD diagnosis). RF best on periodic lines task.
113,Transient hearing abnormalities precede social deficits in a mouse model of autism,2023,https://doi.org/10.1016/j.bbr.2022.114149,Revisor B,aceptados_300_codificado_RB.xlsx,Not specified,Screening | Diagnosis | Prognosis | Monitoring/intervention,stage_flags,Machine Learning,SVM,,Animal model; ML predicts genotype from ABR features (not ASD-vs-control clinical classification). Used as early risk indicator
124,ASD2-TL∗ GTO: Autism spectrum disorders detection via transfer learning with gorilla troops optimizer framework,2023,https://doi.org/10.1016/j.heliyon.2023.e21530,Revisor B,aceptados_300_codificado_RB.xlsx,Image,Diagnosis | Prognosis | Monitoring/intervention,stage_flags,Deep Learning,CNN,Primary model chosen from comparisons,El “main” encaja mejor como CNN porque usa transfer learning con DenseNet169 para imágenes faciales; además usa un metaheurístico (GTO) para selección de características y también experimentos con datos de screening (UCI). GTO no aparece en tu lista; por eso debe ir en comentario
275,A Fusion-Based Machine Learning Approach for Autism Detection in Young Children Using Magnetoencephalography Signals,2023,https://doi.org/10.1007/s10803-022-05767-w,Revisor B,aceptados_300_codificado_RB.xlsx,Physiological signals,Diagnosis,stage_primary_fallback,Machine Learning,MLP,,"Aunque el paper enfatiza “young children” y “early markers”, el uso que reporta es clasificación ASD vs TD en una muestra ya diagnosticada; por eso “Diagnosis” es el mapeo más consistente con tus opciones."
17,Machine learning classification of autism spectrum disorder based on reciprocity in naturalistic social interactions,2024,https://doi.org/10.1038/s41398-024-02802-5,Revisor B,aceptados_300_codificado_RB.xlsx,Image,Diagnosis,stage_flags,Machine Learning,SVM,,Naturalistic social interaction videos; open-source computer vision used for objective annotation (movement/facial expression synchrony); features fed into SVM model to classify autistic vs non-autistic interaction dyads; supplementary exploratory RF mentioned
47,A novel multi-modal model to assist the diagnosis of autism spectrum disorder using eye-tracking data,2024,https://doi.org/10.1007/s13755-024-00299-2,Revisor B,aceptados_300_codificado_RB.xlsx,Image,Diagnosis | Monitoring/intervention,stage_flags,Not specified,RNN/LSTM/GRU,Outside codebook or forced mapping | Hybrid or fusion architecture,Hybrid CNN-GRU-ANN; mapped to RNN/LSTM/GRU as main due to temporal sequence modeling
84,Creating a diagnostic assessment model for autism spectrum disorder by differentiating lexicogrammatical choices through machine learning,2024,https://doi.org/10.1371/journal.pone.0311209,Revisor B,aceptados_300_codificado_RB.xlsx,Text / NLP,Diagnosis | Monitoring/intervention,stage_flags,Deep Learning,RNN/LSTM/GRU,Multiple models compared,comparan modelo lineal vs DNN; el modelo lineal es logistic regression (baseline interpretable).
154,Enhancing Early Diagnosis of Autism Spectrum Disorder in Children: A Comparative Analysis of Machine Learning Techniques,2024,https://doi.org/10.1007/978-981-97-6995-7_34,Revisor B,aceptados_300_codificado_RB.xlsx,Not specified,Diagnosis | Monitoring/intervention,stage_flags,Machine Learning,Other / unclear,Multiple models compared | Primary model chosen from comparisons,Comparative study; no best model declared in abstract
159,Hybrid similarity based feature selection and cascade deep maxout fuzzy network for Autism Spectrum Disorder detection using EEG signal,2024,https://doi.org/10.1016/j.compbiolchem.2024.108177,Revisor B,aceptados_300_codificado_RB.xlsx,Physiological signals,Diagnosis,stage_flags,Deep Learning,Other / unclear,,"Cascade Deep Maxout Fuzzy Network (DMN + neuro-fuzzy), con feature selection por medidas de similitud"
164,Multimodal Kernel-based discriminant correlation analysis data-fusion approach: an automated autism spectrum disorder diagnostic system,2024,https://doi.org/10.1007/s13246-023-01350-4,Revisor B,aceptados_300_codificado_RB.xlsx,Physiological signals,Screening | Diagnosis | Prognosis | Monitoring/intervention,stage_flags,Machine Learning,SVM,,Fusión MKDCA + SVM; multimodal EEG+eye-tracking+computational”.
296,STDCformer: Spatial-temporal dual-path cross-attention model for fMRI-based autism spectrum disorder identification,2024,https://doi.org/10.1016/j.heliyon.2024.e34245,Revisor B,aceptados_300_codificado_RB.xlsx,Physiological signals,Monitoring/intervention,stage_flags,Deep Learning,Transformer,Hybrid or fusion architecture,"arquitectura híbrida: embedding temporal con “LSTM” y embedding espacial con “GAT”, integrados con “dual-path cross-attention” y “2D convolution” en el feed-forward."
1,A Clinically Interpretable Approach for Early Detection of Autism Using Machine Learning With Explainable AI,2025,https://doi.org/10.1109/ACCESS.2025.3586314,Revisor B,aceptados_300_codificado_RB.xlsx,Not specified,Prescreening | Screening | Diagnosis | Prognosis | Monitoring/intervention,stage_flags,Machine Learning,Random Forest,Multiple models compared | Primary model chosen from comparisons | Explainability or validation detail,"“Comparative ML study: Naive Bayes, SVM, Random Forest; RF best; explainability via SHAP; 5-fold CV.”"
4,Cognitive Disorder Detection Used for Early Autism Screening Using Deep Learning,2025,https://doi.org/10.1007/978-981-96-3942-7_18,Revisor B,aceptados_300_codificado_RB.xlsx,Not specified,Diagnosis | Monitoring/intervention,stage_flags,Deep Learning,MLP,,Classification task; target label not consistently described (cognitive disorder/MiCD vs ‘early autism screening
11,Data Mining-Based Model for Computer-Aided Diagnosis of Autism and Gelotophobia: Mixed Methods Deep Learning Approach.,2025,https://doi.org/10.2196/72115,Revisor B,aceptados_300_codificado_RB.xlsx,Image,Diagnosis | Monitoring/intervention,stage_flags,Deep Learning,MLP,Multiple models compared | Primary model chosen from comparisons,ASD status classification from facial images using DeepFace feature extraction; multiple ML models evaluated; MLP reported as highest test accuracy; gelotophobia assessed via DeepFace emotion analysis + GELOPH<15> questionnaire as confirmatory when facial cues ambiguous
15,Hybrid CNN and random forest model with late fusion for detection of autism spectrum disorder in Toddlers,2025,https://doi.org/10.1016/j.mex.2025.103278,Revisor B,aceptados_300_codificado_RB.xlsx,Image,Screening | Diagnosis | Monitoring/intervention,stage_flags,Hybrid,Other / unclear,Hybrid or fusion architecture,Hybrid late-fusion: VGG16 (CNN feature extractor) + Random Forest classifier; compares vs VGG16/EfficientNet/AlexNet and conventional ML
29,An intellectual autism spectrum disorder classification framework in healthcare industry using ViT-based adaptive deep learning model,2025,https://doi.org/10.1016/j.bspc.2025.107737,Revisor B,aceptados_300_codificado_RB.xlsx,Image,Screening | Diagnosis,stage_flags,Deep Learning,Transformer,Outside codebook or forced mapping | Hybrid or fusion architecture,Hybrid architecture includes ViT + (Adaptive Residual DenseNet) + LSTM; mapped to Transformer as primary component.
32,ASD-GraphNet: A novel graph learning approach for Autism Spectrum Disorder diagnosis using fMRI data,2025,https://doi.org/10.1016/j.compbiomed.2025.110723,Revisor B,aceptados_300_codificado_RB.xlsx,Physiological signals,Diagnosis | Monitoring/intervention,stage_flags,Machine Learning,Other / unclear,Algorithm not explicit or unspecified | Primary model chosen from comparisons,"Graph feature engineering + classifier comparison (LR, SVM, XGBoost/LightGBM); main/best model not specified in abstract"
64,Leveraging hybrid model of ConvNextBase and LightGBM for early ASD detection via eye-gaze analysis,2025,https://doi.org/10.1016/j.mex.2025.103166,Revisor B,aceptados_300_codificado_RB.xlsx,Image,Screening | Diagnosis | Prognosis,stage_flags,Hybrid,XGBoost / GBDT,,Es un híbrido: ConvNeXtBase (CNN) como extractor de características + LightGBM (GBDT) como clasificador.
86,"Dissecting the heterogeneity of autism spectrum disorder with sensory behavior, brain, and epigenetic factors",2025,https://doi.org/10.1038/s41398-025-03566-2,Revisor B,aceptados_300_codificado_RB.xlsx,Physiological signals,Diagnosis,stage_primary_fallback,Deep Learning,XGBoost / GBDT,,Clasificación ASD vs control integrando AASP (sensory behavior) + neuroimagen + metilación (OXTR/AVPR). Evaluaron varios algoritmos; el modelo final reportado usa XGBoost (otros probados: RF/SVM/LR).
104,A Framework for Comparison and Interpretation of Machine Learning Classifiers to Predict Autism on the ABIDE Dataset,2025,https://doi.org/10.1002/hbm.70190,Revisor B,aceptados_300_codificado_RB.xlsx,Multimodal,Diagnosis,stage_primary_fallback,Hybrid,Other / unclear,Multiple models compared,este paper es benchmark/comparación bajo un marco estandarizado; reporta que el mayor desempeño se obtiene con ensemble y resultados cercanos entre modelos (GCN/EV-GCN/FCN/AE-FCN/SVM)
106,Analysis of variant interactions in families with autism points to genes involved in the development of the central nervous system,2025,https://doi.org/10.1371/journal.pone.0326022,Revisor B,aceptados_300_codificado_RB.xlsx,Not specified,Diagnosis,stage_primary_fallback,Machine Learning,SVM,,"además del predictor supervisado, el paper también hace clustering de muestras para explorar heterogeneidad (menciona K-means y propone PAM/medoids por interpretabilidad en datos binarios)"
291,MCDGLN: Masked connection-based dynamic graph learning network for autism spectrum disorder,2025,https://doi.org/10.1016/j.brainresbull.2025.111290,Revisor B,aceptados_300_codificado_RB.xlsx,Physiological signals,Prognosis,stage_flags,Deep Learning,Other / unclear,,Modelo explícitamente dinámico + máscara anti-ruido: “segments BOLD signals using sliding temporal windows… and… mask… reducing noise and pruning irrelevant links.” Además reportan dataset ABIDE-I “1035 subjects… 505 with ASD and 530 TD”
297,The Use of the Social Robot LOVOT for Children with Autism Spectrum Disorder: A Feasibility Study,2025,https://doi.org/10.3233/SHTI251499,Revisor B,aceptados_300_codificado_RB.xlsx,Not specified,Monitoring/intervention,stage_flags,Not specified,Other / unclear,,paper cualitativo de factibilidad; menciona “AI functionalities” pero no especifica algoritmo ML.
